id,data_coleta,horario_coleta,supermercado,marca,nome_produto,embalagem,cidade,uf,regiao,preco_atual,preco_original,em_promocao,disponivel,url,erro,categoria,rota_css,url_recuperada,tentativas,grupo
56492,2026-09-05,08:56:54,Pão de Açúcar,Marilan,Água e Sal 300g Marilan,300g,São Paulo,SP,Sudeste,,,0,0,https://www.paodeacucar.com/produto/1639482/biscoito-agua-e-sal-marilan-300g,produto_indisponivel,Biscoitos,,,2,Mercearias Secas
56493,2026-09-05,08:57:17,Pão de Açúcar,Mabel,Água e Sal 300g Mabel,300g,São Paulo,SP,Sudeste,6.29,,0,1,https://www.paodeacucar.com/produto/1616940/biscoito-agua-e-sal-mabel-pacote-300g,,Biscoitos,10,,1,Mercearias Secas
56494,2026-09-05,08:57:28,Pão de Açúcar,Vitarella,Água e Sal 350g Vitarella,350g,São Paulo,SP,Sudeste,8.29,,0,1,https://www.paodeacucar.com/produto/1286774/biscoito-agua-e-sal-tradicional-vitarella-pacote-350g,,Biscoitos,10,,1,Mercearias Secas
56495,2026-09-05,08:57:38,Pão de Açúcar,Marilan,Cream Cracker 300g Marilan,300g,São Paulo,SP,Sudeste,,,0,0,https://www.paodeacucar.com/produto/1639385/biscoito-cream-cracker-marilan-300g,produto_indisponivel,Biscoitos,,,2,Mercearias Secas
56496,2026-09-05,08:58:00,Pão de Açúcar,Mabel,Cream Cracker 300g Mabel,300g,São Paulo,SP,Sudeste,,,0,0,https://www.paodeacucar.com/produto/1616942/biscoito-cream-cracker-mabel-300g,produto_indisponivel,Biscoitos,,,2,Mercearias Secas
56497,2026-09-05,08:58:22,Pão de Açúcar,Piraquê,Cream Cracker 184g Piraque,184g,São Paulo,SP,Sudeste,5.99,,0,1,https://www.paodeacucar.com/produto/1606433/biscoito-cream-cracker-piraque-pacote-184g,,Biscoitos,10,,1,Mercearias Secas
56498,2026-09-05,08:58:33,Pão de Açúcar,Marilan,Cream Cracker 140g Marilan,140g,São Paulo,SP,Sudeste,,,0,0,https://www.paodeacucar.com/produto/1448576/biscoito-cream-cracker-marilan-pacote-170g,produto_indisponivel,Biscoitos,,,2,Mercearias Secas
56499,2026-09-05,08:58:56,Pão de Açúcar,Bauducco,Cream Cracker 165g Bauducco,165g,São Paulo,SP,Sudeste,3.79,,0,1,https://www.paodeacucar.com/produto/1629268/biscoito-cream-cracker-tradicional-bauducco-pacote-165g,,Biscoitos,10,,1,Mercearias Secas
56500,2026-09-05,08:59:06,Pão de Açúcar,Adria,Cream Cracker 170g Adria,170g,São Paulo,SP,Sudeste,4.39,,0,1,https://www.paodeacucar.com/produto/1602912/biscoito-cream-cracker-folhado-manteiga-adria-folhata-pacote-170g,,Biscoitos,10,,1,Mercearias Secas
56501,2026-09-05,08:59:19,Pão de Açúcar,Mondelez,Oreo 90g Mondelez,90g,São Paulo,SP,Sudeste,,,0,0,https://www.paodeacucar.com/produto/301575/biscoito-original-oreo-pacote-90g,produto_indisponivel,Biscoitos,,,2,Mercearias Secas
56502,2026-09-05,08:59:41,Pão de Açúcar,Nestlé,Passatempo 150g Nestlé,150g,São Paulo,SP,Sudeste,4.39,,0,1,https://www.paodeacucar.com/produto/177670/biscoito-recheio-chocolate-passatempo-pacote-130g,,Biscoitos,10,,1,Mercearias Secas
56503,2026-09-05,08:59:53,Pão de Açúcar,Bauducco,Recheado Chocolate 140g Bauducco,140g,São Paulo,SP,Sudeste,5.29,,0,1,https://www.paodeacucar.com/produto/310906/biscoito-wafer-recheio-chocolate-bauducco-pacote-140g,,Biscoitos,10,,1,Mercearias Secas
56504,2026-09-05,09:00:04,Pão de Açúcar,Barilla,Macarrão Espaguete 500g Barilla,500g,São Paulo,SP,Sudeste,6.29,,0,1,https://www.paodeacucar.com/produto/279928/macarrao-com-ovos-espaguete-8-barilla-pacote-500g,,Massas,10,,1,Mercearias Secas
56505,2026-09-05,09:00:16,Pão de Açúcar,Adria,Macarrão Espaguete 500g Adria,500g,São Paulo,SP,Sudeste,4.49,,0,1,https://www.paodeacucar.com/produto/111375/macarrao-adria-com-ovos-espaguete---8-500g,,Massas,10,,1,Mercearias Secas
56506,2026-09-05,09:00:27,Pão de Açúcar,Nissin,Miojo Carne 85g Nissin,85g,São Paulo,SP,Sudeste,2.49,,0,1,https://www.paodeacucar.com/produto/169902/macarrao-instantaneo-de-carne-nissin-miojo-lamen-pacote-85g,,Massas,10,,1,Mercearias Secas
56507,2026-09-05,09:00:38,Extra,Marilan,Água e Sal 300g Marilan,300g,São Paulo,SP,Sudeste,6.99,,0,1,https://www.extramercado.com.br/produto/1667484/biscoito-agua-e-sal-marilan-300g,,Biscoitos,10,,1,Mercearias Secas
56508,2026-09-05,09:00:51,Extra,Vitarella,Água e Sal 350g Vitarella,350g,São Paulo,SP,Sudeste,7.79,,0,1,https://www.extramercado.com.br/produto/1376440/biscoito-agua-e-sal-tradicional-vitarella-pacote-350g,,Biscoitos,10,,1,Mercearias Secas
56509,2026-09-05,09:01:01,Extra,Adria,Água e Sal 170g Adria,170g,São Paulo,SP,Sudeste,4.19,,0,1,https://www.extramercado.com.br/produto/1642405/biscoito-agua-e-sal-adria-pacote-170g,,Biscoitos,10,,1,Mercearias Secas
56510,2026-09-05,09:01:13,Extra,Piraquê,Água e Sal 184g Piraque,184g,São Paulo,SP,Sudeste,6.49,,0,1,https://www.extramercado.com.br/produto/1641546/biscoito-agua-e-sal-piraque-pacote-184g,,Biscoitos,10,,1,Mercearias Secas
56511,2026-09-05,09:01:24,Extra,Marilan,Cream Cracker 300g Marilan,300g,São Paulo,SP,Sudeste,,,0,0,https://www.extramercado.com.br/produto/1667380/biscoito-cream-cracker-marilan-300g,produto_indisponivel,Biscoitos,,,2,Mercearias Secas
56512,2026-09-05,09:01:47,Extra,Vitarella,Cream Cracker 350g Vitarella,350g,São Paulo,SP,Sudeste,6.59,,0,1,https://www.extramercado.com.br/produto/1376439/biscoito-cream-cracker-amanteigado-tradicional-vitarella-pacote-350g,,Biscoitos,10,,1,Mercearias Secas
56513,2026-09-05,09:01:59,Extra,Piraquê,Cream Cracker 184g Piraque,184g,São Paulo,SP,Sudeste,5.49,,0,1,https://www.extramercado.com.br/produto/1641542/biscoito-cream-cracker-piraque-pacote-184g,,Biscoitos,10,,1,Mercearias Secas
56514,2026-09-05,09:02:10,Extra,Marilan,Cream Cracker 140g Marilan,140g,São Paulo,SP,Sudeste,3.69,,0,1,https://www.extramercado.com.br/produto/1667384/biscoito-cream-cracker-marilan-pacote-140g,,Biscoitos,10,,1,Mercearias Secas
56515,2026-09-05,09:02:20,Extra,Bauducco,Cream Cracker 165g Bauducco,165g,São Paulo,SP,Sudeste,,,0,0,https://www.extramercado.com.br/produto/1660610/biscoito-cream-cracker-tradicional-bauducco-pacote-165g,produto_indisponivel,Biscoitos,,,2,Mercearias Secas
56516,2026-09-05,09:02:42,Extra,Adria,Cream Cracker 170g Adria,170g,São Paulo,SP,Sudeste,4.19,,0,1,https://www.extramercado.com.br/produto/1638049/biscoito-cream-cracker-folhado-manteiga-adria-folhata-pacote-170g,,Biscoitos,10,,1,Mercearias Secas
56517,2026-09-05,09:02:53,Extra,Mondelez,Oreo 90g Mondelez,90g,São Paulo,SP,Sudeste,4.79,,0,1,https://www.extramercado.com.br/produto/323114/biscoito-original-oreo-pacote-90g,,Biscoitos,10,,1,Mercearias Secas
56518,2026-09-05,09:03:04,Extra,Nestlé,Passatempo 150g Nestlé,150g,São Paulo,SP,Sudeste,3.29,,0,1,https://www.extramercado.com.br/produto/177670/biscoito-recheio-chocolate-passatempo-pacote-130g,,Biscoitos,10,,1,Mercearias Secas
56519,2026-09-05,09:03:14,Extra,Bauducco,Recheado Chocolate 140g Bauducco,140g,São Paulo,SP,Sudeste,4.19,,0,1,https://www.extramercado.com.br/produto/335660/biscoito-wafer-recheio-chocolate-bauducco-pacote-140g,,Biscoitos,10,,1,Mercearias Secas
56520,2026-09-05,09:03:25,Extra,Barilla,Macarrão Espaguete 500g Barilla,500g,São Paulo,SP,Sudeste,6.29,,0,1,https://www.extramercado.com.br/produto/305593/macarrao-com-ovos-espaguete-8-barilla-pacote-500g,,Massas,10,,1,Mercearias Secas
56521,2026-09-05,09:03:36,Extra,Adria,Macarrão Espaguete 500g Adria,500g,São Paulo,SP,Sudeste,3.49,,0,1,https://www.extramercado.com.br/produto/111375/macarrao-adria-com-ovos-espaguete---8-500g,,Massas,10,,1,Mercearias Secas
56522,2026-09-05,09:03:47,Extra,Dona Benta,Macarrão Espaguete 500g Dona Benta,500g,São Paulo,SP,Sudeste,3.29,,0,1,https://www.extramercado.com.br/produto/5789/macarrao-de-semola-com-ovos-linguine-dona-benta-pacote-500g,,Massas,10,,1,Mercearias Secas
56523,2026-09-05,09:03:58,Extra,Nissin,Miojo Carne 85g Nissin,85g,São Paulo,SP,Sudeste,2.49,,0,1,https://www.extramercado.com.br/produto/169902/macarrao-instantaneo-de-carne-nissin-miojo-lamen-pacote-85g,,Massas,10,,1,Mercearias Secas
56524,2026-09-05,09:04:08,Atacadão,Marilan,Água e Sal 300g Marilan,300g,São Paulo,SP,Sudeste,6.29,,0,1,https://www.atacadao.com.br/biscoito-marilan-agua-e-sal-12305-61201/p,,Biscoitos,10,,1,Mercearias Secas
56525,2026-09-05,09:04:18,Atacadão,Mabel,Água e Sal 300g Mabel,300g,São Paulo,SP,Sudeste,,,0,0,https://www.atacadao.com.br/biscoito-mabel-agua-e-sal-90091-40582/p,produto_indisponivel,Biscoitos,,,2,Mercearias Secas
56526,2026-09-05,09:04:41,Atacadão,Vitarella,Água e Sal 350g Vitarella,350g,São Paulo,SP,Sudeste,6.59,,0,1,https://www.atacadao.com.br/biscoito-vitarella-agua-e-sal-pacote-com-350g-75654-31551/p,,Biscoitos,10,,1,Mercearias Secas
56527,2026-09-05,09:04:54,Atacadão,Adria,Água e Sal 170g Adria,170g,São Paulo,SP,Sudeste,2.98,,0,1,https://www.atacadao.com.br/biscoito-adria-agua-e-sal-86312-24062/p,,Biscoitos,10,,1,Mercearias Secas
56528,2026-09-05,09:05:03,Atacadão,Mabel,Cream Cracker 300g Mabel,300g,São Paulo,SP,Sudeste,,,0,0,https://www.atacadao.com.br/biscoito-mabel-cream-cracker-90090-40581/p,produto_indisponivel,Biscoitos,,,2,Mercearias Secas
56529,2026-09-05,09:05:26,Atacadão,Vitarella,Cream Cracker 350g Vitarella,350g,São Paulo,SP,Sudeste,6.59,,0,1,https://www.atacadao.com.br/biscoito-cream-cracker-vitarella-tradicional-75658-25458/p,,Biscoitos,10,,1,Mercearias Secas
56530,2026-09-05,09:05:37,Atacadão,Marilan,Cream Cracker 140g Marilan,140g,São Paulo,SP,Sudeste,3.39,,0,1,https://www.atacadao.com.br/biscoito-marilan-cream-cracker-12307-61182/p,,Biscoitos,10,,1,Mercearias Secas
56531,2026-09-05,09:05:47,Atacadão,Adria,Cream Cracker 170g Adria,170g,São Paulo,SP,Sudeste,2.98,,0,1,https://www.atacadao.com.br/biscoito-adria-cream-cracker-86314-24086/p,,Biscoitos,10,,1,Mercearias Secas
56532,2026-09-05,09:05:59,Atacadão,Mondelez,Oreo 90g Mondelez,90g,São Paulo,SP,Sudeste,4.29,,0,1,https://www.atacadao.com.br/biscoito-recheado-oreo-original-49265-28699/p,,Biscoitos,10,,1,Mercearias Secas
56533,2026-09-05,09:06:09,Atacadão,Nestlé,Passatempo 150g Nestlé,150g,São Paulo,SP,Sudeste,2.55,,0,1,https://www.atacadao.com.br/biscoito-recheado-passatempo-nestle-chocolate-pacote-com-130g-55979-28839/p,,Biscoitos,10,,1,Mercearias Secas
56534,2026-09-05,09:06:20,Atacadão,Bauducco,Recheado Chocolate 140g Bauducco,140g,São Paulo,SP,Sudeste,,,0,0,https://www.atacadao.com.br/biscoito-wafer-bauducco-chocolate-39393-31872/p,produto_indisponivel,Biscoitos,,,2,Mercearias Secas
56535,2026-09-05,09:06:43,Atacadão,Piraquê,Recheado Chocolate 100g Piraque,100g,São Paulo,SP,Sudeste,2.97,,0,1,https://www.atacadao.com.br/biscoito-wafer-piraque-chocolate-pacote-com-100g-76847-32707/p,,Biscoitos,10,,1,Mercearias Secas
56536,2026-09-05,09:06:54,Atacadão,Barilla,Macarrão Espaguete 500g Barilla,500g,São Paulo,SP,Sudeste,5.29,,0,1,https://www.atacadao.com.br/macarrao-com-ovos-barilla-espaguete-8-74384-1093/p,,Massas,10,,1,Mercearias Secas
56537,2026-09-05,09:07:05,Atacadão,Adria,Macarrão Espaguete 500g Adria,500g,São Paulo,SP,Sudeste,2.69,,0,1,https://www.atacadao.com.br/macarrao-com-ovos-adria-espaguete-34028-1061/p,,Massas,10,,1,Mercearias Secas
56538,2026-09-05,09:07:17,Atacadão,Camil,Macarrão Espaguete 500g Camil,500g,São Paulo,SP,Sudeste,3.29,,0,1,https://www.atacadao.com.br/macarrao-com-ovos-camil-espaguete-94005-44267/p,,Massas,10,,1,Mercearias Secas
56539,2026-09-05,09:07:27,Atacadão,Dona Benta,Macarrão Espaguete 500g Dona Benta,500g,São Paulo,SP,Sudeste,3.49,,0,1,https://www.atacadao.com.br/macarrao-com-ovos-dona-benta-espaguete-pacote-com-500g-1998-1187/p,,Massas,10,,1,Mercearias Secas
56540,2026-09-05,09:07:38,Atacadão,Nissin,Miojo Carne 85g Nissin,85g,São Paulo,SP,Sudeste,2.49,,0,1,https://www.atacadao.com.br/macarrao-instantaneo-nissin-lamen-carne-5612-3297/p,,Massas,10,,1,Mercearias Secas
56541,2026-09-05,00:00:00,Pão de Açúcar,Marilan,Água e Sal 300g Marilan,300g,São Paulo,SP,Sudeste,6.99,,0,1,https://www.paodeacucar.com/produto/1639482/biscoito-agua-e-sal-marilan-300g,copiado_dia_anterior,Biscoitos,99,,1,Mercearias Secas
56542,2026-09-05,00:00:00,Pão de Açúcar,Marilan,Cream Cracker 300g Marilan,300g,São Paulo,SP,Sudeste,7.29,,0,1,https://www.paodeacucar.com/produto/1639385/biscoito-cream-cracker-marilan-300g,copiado_dia_anterior,Biscoitos,99,,1,Mercearias Secas
56543,2026-09-05,00:00:00,Pão de Açúcar,Mondelez,Oreo 90g Mondelez,90g,São Paulo,SP,Sudeste,5.29,,0,1,https://www.paodeacucar.com/produto/301575/biscoito-original-oreo-pacote-90g,copiado_dia_anterior,Biscoitos,99,,1,Mercearias Secas
56544,2026-09-05,00:00:00,Extra,Marilan,Cream Cracker 300g Marilan,300g,São Paulo,SP,Sudeste,6.99,,0,1,https://www.extramercado.com.br/produto/1667380/biscoito-cream-cracker-marilan-300g,copiado_dia_anterior,Biscoitos,99,,1,Mercearias Secas
56545,2026-09-05,00:00:00,Atacadão,Bauducco,Recheado Chocolate 140g Bauducco,140g,São Paulo,SP,Sudeste,4.39,,0,1,https://www.atacadao.com.br/biscoito-wafer-bauducco-chocolate-39393-31872/p,copiado_dia_anterior,Biscoitos,99,,1,Mercearias Secas
56546,2026-09-05,00:00:00,Pão de Açúcar,Heineken,Heineken Lata,350ml,São Paulo,SP,Sudeste,4.79,,0,1,https://www.paodeacucar.com/produto/1606865/cerveja-heineken-lata-sleek-350ml,copiado_dia_anterior,Cervejas,99,,1,Cervejas
56547,2026-09-05,00:00:00,Pão de Açúcar,Heineken,Heineken Lata,269ml,São Paulo,SP,Sudeste,4.19,,0,1,https://www.paodeacucar.com/produto/1376370/cerveja-lager-puro-malte-heineken-lata-269ml,copiado_dia_anterior,Cervejas,99,,1,Cervejas
56548,2026-09-05,00:00:00,Pão de Açúcar,Heineken,Heineken 0.0,350ml,São Paulo,SP,Sudeste,4.79,,0,1,https://www.paodeacucar.com/produto/1606861/cerveja-heineken-zero-lata-sleek-350ml,copiado_dia_anterior,Cervejas,99,,1,Cervejas
56549,2026-09-05,00:00:00,Pão de Açúcar,Skol,Skol Lata,269ml,São Paulo,SP,Sudeste,2.99,,0,1,https://www.paodeacucar.com/produto/71229/cerveja-skol-pilsen-lata-269ml,copiado_dia_anterior,Cervejas,99,,1,Cervejas
56550,2026-09-05,00:00:00,Pão de Açúcar,Brahma,Brahma Duplo Malte,350ml,São Paulo,SP,Sudeste,4.19,,0,1,https://www.paodeacucar.com/produto/462219/cerveja-pilsner-duplo-malte-brahma-lata-350ml,copiado_dia_anterior,Cervejas,99,,1,Cervejas
56551,2026-09-05,00:00:00,Pão de Açúcar,Stella Artois,Stella Artois Long Neck,330ml,São Paulo,SP,Sudeste,6.99,,0,1,https://www.paodeacucar.com/produto/452630/cerveja-lager-premium-puro-malte-stella-artois-garrafa-330ml,copiado_dia_anterior,Cervejas,99,,1,Cervejas
56552,2026-09-05,00:00:00,Pão de Açúcar,Corona,Corona Extra Long Neck,330ml,São Paulo,SP,Sudeste,6.99,,0,1,https://www.paodeacucar.com/produto/456783/cerveja-pilsen-corona-garrafa-330ml,copiado_dia_anterior,Cervejas,99,,1,Cervejas
56553,2026-09-05,00:00:00,Pão de Açúcar,Corona,Corona Extra Lata,350ml,São Paulo,SP,Sudeste,6.29,,0,1,https://www.paodeacucar.com/produto/1461878/cerveja-corona-extra-lata-350ml,copiado_dia_anterior,Cervejas,99,,1,Cervejas
56554,2026-09-05,00:00:00,Pão de Açúcar,Budweiser,Budweiser Lata,269ml,São Paulo,SP,Sudeste,2.99,,0,1,https://www.paodeacucar.com/produto/323696/cerveja-pilsen-budweiser-lata-269ml,copiado_dia_anterior,Cervejas,99,,1,Cervejas
56555,2026-09-05,00:00:00,Pão de Açúcar,Amstel,Amstel Lata,350ml,São Paulo,SP,Sudeste,3.49,,0,1,https://www.paodeacucar.com/produto/1606864/cerveja-lager-puro-malte-amstel-lata-350ml,copiado_dia_anterior,Cervejas,99,,1,Cervejas
56556,2026-09-05,00:00:00,Pão de Açúcar,Amstel,Amstel Lata,269ml,São Paulo,SP,Sudeste,3.39,,0,1,https://www.paodeacucar.com/produto/339944/cerveja-lager-puro-malte-amstel-lata-269ml,copiado_dia_anterior,Cervejas,99,,1,Cervejas
56557,2026-09-05,00:00:00,Pão de Açúcar,Spaten,Spaten Puro Malte Lata,350ml,São Paulo,SP,Sudeste,3.99,,0,1,https://www.paodeacucar.com/produto/583963/cerveja-munich-helles-puro-malte-spaten-lata-350ml,copiado_dia_anterior,Cervejas,99,,1,Cervejas
56558,2026-09-05,00:00:00,Pão de Açúcar,Spaten,Spaten Puro Malte Lata,269ml,São Paulo,SP,Sudeste,3.79,,0,1,https://www.paodeacucar.com/produto/1461013/cerveja-munich-helles-puro-malte-spaten-lata-269ml,copiado_dia_anterior,Cervejas,99,,1,Cervejas
56559,2026-09-05,00:00:00,Pão de Açúcar,Original,Original Lata,269ml,São Paulo,SP,Sudeste,3.19,,0,1,https://www.paodeacucar.com/produto/479389/cerveja-pilsen-antarctica-original-lata-269ml,copiado_dia_anterior,Cervejas,99,,1,Cervejas
56560,2026-09-05,00:00:00,Pão de Açúcar,Itaipava,Itaipava Lata,350ml,São Paulo,SP,Sudeste,3.29,,0,1,https://www.paodeacucar.com/produto/112967/cerveja-pilsen-itaipava-lata-350ml,copiado_dia_anterior,Cervejas,99,,1,Cervejas
56561,2026-09-05,00:00:00,Extra,Heineken,Heineken Lata,350ml,São Paulo,SP,Sudeste,4.79,,0,1,https://www.extramercado.com.br/produto/1641976/cerveja-heineken-lata-sleek-350ml,copiado_dia_anterior,Cervejas,99,,1,Cervejas
56562,2026-09-05,00:00:00,Extra,Heineken,Heineken Lata,269ml,São Paulo,SP,Sudeste,4.99,,0,1,https://www.extramercado.com.br/produto/1440048/cerveja-lager-puro-malte-heineken-lata-269ml,copiado_dia_anterior,Cervejas,99,,1,Cervejas
56563,2026-09-05,00:00:00,Extra,Heineken,Heineken 0.0,350ml,São Paulo,SP,Sudeste,4.79,,0,1,https://www.extramercado.com.br/produto/1641970/cerveja-heineken-zero-lata-sleek-350ml,copiado_dia_anterior,Cervejas,99,,1,Cervejas
56564,2026-09-05,00:00:00,Extra,Skol,Skol Lata,350ml,São Paulo,SP,Sudeste,3.89,,0,1,https://www.extramercado.com.br/produto/91224/cerveja-pilsen-skol-lata-350ml,copiado_dia_anterior,Cervejas,99,,1,Cervejas
56565,2026-09-05,00:00:00,Extra,Skol,Skol Lata,269ml,São Paulo,SP,Sudeste,2.99,,0,1,https://www.extramercado.com.br/produto/71229/cerveja-skol-pilsen-lata-269ml,copiado_dia_anterior,Cervejas,99,,1,Cervejas
56566,2026-09-05,00:00:00,Extra,Brahma,Brahma Duplo Malte,350ml,São Paulo,SP,Sudeste,4.19,,0,1,https://www.extramercado.com.br/produto/485275/cerveja-pilsner-duplo-malte-brahma-lata-350ml,copiado_dia_anterior,Cervejas,99,,1,Cervejas
56567,2026-09-05,00:00:00,Extra,Brahma,Brahma Duplo Malte,269ml,São Paulo,SP,Sudeste,3.49,,0,1,https://www.extramercado.com.br/produto/869637/cerveja-pilsner-duplo-malte-brahma-lata-269ml,copiado_dia_anterior,Cervejas,99,,1,Cervejas
56568,2026-09-05,00:00:00,Extra,Corona,Corona Extra Long Neck,330ml,São Paulo,SP,Sudeste,7.79,,0,1,https://www.extramercado.com.br/produto/452503/cerveja-pilsen-corona-garrafa-330ml,copiado_dia_anterior,Cervejas,99,,1,Cervejas
56569,2026-09-05,00:00:00,Extra,Corona,Corona Extra Lata,350ml,São Paulo,SP,Sudeste,6.29,,0,1,https://www.extramercado.com.br/produto/1500760/cerveja-corona-extra-lata-350ml,copiado_dia_anterior,Cervejas,99,,1,Cervejas
56570,2026-09-05,00:00:00,Extra,Budweiser,Budweiser Lata,350ml,São Paulo,SP,Sudeste,4.39,,0,1,https://www.extramercado.com.br/produto/190773/cerveja-lager-budweiser-lata-350ml,copiado_dia_anterior,Cervejas,99,,1,Cervejas
56571,2026-09-05,00:00:00,Extra,Budweiser,Budweiser Lata,269ml,São Paulo,SP,Sudeste,3.59,,0,1,https://www.extramercado.com.br/produto/347007/cerveja-pilsen-budweiser-lata-269ml,copiado_dia_anterior,Cervejas,99,,1,Cervejas
56572,2026-09-05,00:00:00,Extra,Amstel,Amstel Lata,350ml,São Paulo,SP,Sudeste,3.49,,0,1,https://www.extramercado.com.br/produto/1641973/cerveja-lager-puro-malte-amstel-lata-350ml,copiado_dia_anterior,Cervejas,99,,1,Cervejas
56573,2026-09-05,00:00:00,Extra,Amstel,Amstel Lata,269ml,São Paulo,SP,Sudeste,3.39,,0,1,https://www.extramercado.com.br/produto/369620/cerveja-lager-puro-malte-amstel-lata-269ml,copiado_dia_anterior,Cervejas,99,,1,Cervejas
56574,2026-09-05,00:00:00,Extra,Spaten,Spaten Puro Malte Lata,350ml,São Paulo,SP,Sudeste,4.89,,0,1,https://www.extramercado.com.br/produto/628110/cerveja-munich-helles-puro-malte-spaten-lata-350ml,copiado_dia_anterior,Cervejas,99,,1,Cervejas
56575,2026-09-05,00:00:00,Extra,Spaten,Spaten Puro Malte Lata,269ml,São Paulo,SP,Sudeste,3.79,,0,1,https://www.extramercado.com.br/produto/1500377/cerveja-munich-helles-puro-malte-spaten-lata-269ml,copiado_dia_anterior,Cervejas,99,,1,Cervejas
56576,2026-09-05,00:00:00,Extra,Original,Original Lata,350ml,São Paulo,SP,Sudeste,4.89,,0,1,https://www.extramercado.com.br/produto/434881/cerveja-pilsen-antarctica-original-lata-350ml,copiado_dia_anterior,Cervejas,99,,1,Cervejas
56577,2026-09-05,00:00:00,Extra,Original,Original Lata,269ml,São Paulo,SP,Sudeste,2.99,,0,1,https://www.extramercado.com.br/produto/519820/cerveja-pilsen-antarctica-original-lata-269ml,copiado_dia_anterior,Cervejas,99,,1,Cervejas
56578,2026-09-05,00:00:00,Extra,Itaipava,Itaipava Lata,350ml,São Paulo,SP,Sudeste,3.39,,0,1,https://www.extramercado.com.br/produto/112967/cerveja-pilsen-itaipava-lata-350ml,copiado_dia_anterior,Cervejas,99,,1,Cervejas
56579,2026-09-05,00:00:00,Atacadão,Heineken,Heineken Lata,350ml,São Paulo,SP,Sudeste,4.89,,0,1,https://www.atacadao.com.br/cerveja-heineken-sleek-86733-12486/p,copiado_dia_anterior,Cervejas,99,,1,Cervejas
56580,2026-09-05,00:00:00,Atacadão,Heineken,Heineken Lata,269ml,São Paulo,SP,Sudeste,3.89,,0,1,https://www.atacadao.com.br/cerveja-heineken-lata-com-269ml-76983-12460/p,copiado_dia_anterior,Cervejas,99,,1,Cervejas
56581,2026-09-05,00:00:00,Atacadão,Heineken,Heineken 0.0,350ml,São Paulo,SP,Sudeste,5.59,,0,1,https://www.atacadao.com.br/cerveja-heineken-zero-sleek-86709-12501/p,copiado_dia_anterior,Cervejas,99,,1,Cervejas
56582,2026-09-05,00:00:00,Atacadão,Skol,Skol Lata,350ml,São Paulo,SP,Sudeste,3.99,,0,1,https://www.atacadao.com.br/cerveja-skol-pilsen-18650-13267/p,copiado_dia_anterior,Cervejas,99,,1,Cervejas
56583,2026-09-05,00:00:00,Atacadão,Amstel,Amstel Lata,269ml,São Paulo,SP,Sudeste,2.69,,0,1,https://www.atacadao.com.br/cerveja-amstel-54353-11244/p,copiado_dia_anterior,Cervejas,99,,1,Cervejas
56584,2026-09-05,00:00:00,Atacadão,Spaten,Spaten Puro Malte Lata,350ml,São Paulo,SP,Sudeste,3.89,,0,1,https://www.atacadao.com.br/cerveja-spaten-puro-malte-lata-com-350ml-74632-13351/p,copiado_dia_anterior,Cervejas,99,,1,Cervejas
56585,2026-09-05,00:00:00,Atacadão,Spaten,Spaten Puro Malte Lata,269ml,São Paulo,SP,Sudeste,2.69,,0,1,https://www.atacadao.com.br/cerveja-puro-malte-spaten-lata-com-269ml-83458-13164/p,copiado_dia_anterior,Cervejas,99,,1,Cervejas
56586,2026-09-05,00:00:00,Atacadão,Original,Original Lata,269ml,São Paulo,SP,Sudeste,3.19,,0,1,https://www.atacadao.com.br/cerveja-original-lata-com-269ml-71793-12854/p,copiado_dia_anterior,Cervejas,99,,1,Cervejas
56587,2026-09-05,00:00:00,Atacadão,Itaipava,Itaipava Lata,350ml,São Paulo,SP,Sudeste,2.65,,0,1,https://www.atacadao.com.br/cerveja-itaipava-9850-12669/p,copiado_dia_anterior,Cervejas,99,,1,Cervejas
56588,2026-09-05,00:00:00,Pão de Açúcar,Sadia,Salsicha Hot Dog 500g Sadia,500g,São Paulo,SP,Sudeste,14.9,,0,1,https://www.paodeacucar.com/produto/114859/salsicha-hot-dog-sadia-500g-10-unidades,copiado_dia_anterior,Carnes,99,,1,"Carnes, Processados e Preparados"
56589,2026-09-05,00:00:00,Pão de Açúcar,Perdigão,Salsicha Hot Dog 500g Perdigão,500g,São Paulo,SP,Sudeste,13.5,,0,1,https://www.paodeacucar.com/produto/113887/salsicha-hot-dog-perdigao-500g-12-unidades,copiado_dia_anterior,Carnes,99,,1,"Carnes, Processados e Preparados"
56590,2026-09-05,00:00:00,Pão de Açúcar,Seara,Salsicha Hot Dog 500g Seara,500g,São Paulo,SP,Sudeste,12.99,,0,1,https://www.paodeacucar.com/produto/21730/salsicha-hot-dog-seara-500g,copiado_dia_anterior,Carnes,99,,1,"Carnes, Processados e Preparados"
56591,2026-09-05,00:00:00,Pão de Açúcar,Perdigão,Linguiça Toscana 700g Perdigão,700g,São Paulo,SP,Sudeste,29.5,,0,1,https://www.paodeacucar.com/produto/1638980/linguica-toscana-perdigao-na-brasa-700g,copiado_dia_anterior,Carnes,99,,1,"Carnes, Processados e Preparados"
56592,2026-09-05,00:00:00,Pão de Açúcar,Swift,Linguiça Toscana 700g Swift,700g,São Paulo,SP,Sudeste,18.9,,0,1,https://www.paodeacucar.com/produto/434959/linguica-toscana-swift-700g,copiado_dia_anterior,Carnes,99,,1,"Carnes, Processados e Preparados"
56593,2026-09-05,00:00:00,Pão de Açúcar,Sadia,Nuggets de Frango 300g Sadia,300g,São Paulo,SP,Sudeste,12.9,,0,1,https://www.paodeacucar.com/produto/142969/empanado-de-frango-peito-crocante-sadia-nuggets-pacote-300g,copiado_dia_anterior,Carnes,99,,1,"Carnes, Processados e Preparados"
56594,2026-09-05,00:00:00,Pão de Açúcar,Sadia,Lasanha Bolonhesa 600g Sadia,600g,São Paulo,SP,Sudeste,19.85,,0,1,https://www.paodeacucar.com/produto/344410/lasanha-bolonhesa-sadia-pacote-600g,copiado_dia_anterior,Carnes,99,,1,"Carnes, Processados e Preparados"
56595,2026-09-05,00:00:00,Pão de Açúcar,Perdigão,Lasanha Bolonhesa 600g Perdigão,600g,São Paulo,SP,Sudeste,19.9,,0,1,https://www.paodeacucar.com/produto/391814/lasanha-bolonhesa-perdigao-nosso-menu-pacote-600g,copiado_dia_anterior,Carnes,99,,1,"Carnes, Processados e Preparados"
56596,2026-09-05,00:00:00,Pão de Açúcar,Seara,Lasanha Bolonhesa 600g Seara,600g,São Paulo,SP,Sudeste,19.9,,0,1,https://www.paodeacucar.com/produto/113511/lasanha-bolonhesa-seara-600g,copiado_dia_anterior,Carnes,99,,1,"Carnes, Processados e Preparados"
56597,2026-09-05,00:00:00,Pão de Açúcar,Sadia,Peito de Frango 1kg Sadia,1kg,São Paulo,SP,Sudeste,19.9,,0,1,https://www.paodeacucar.com/produto/65885/file-de-peito-de-frango-congelado-sem-pele-sem-osso-sadia-1kg,copiado_dia_anterior,Carnes,99,,1,"Carnes, Processados e Preparados"
56598,2026-09-05,00:00:00,Pão de Açúcar,Swift,Peito de Frango 1kg Swift,1kg,São Paulo,SP,Sudeste,26.9,,0,1,https://www.paodeacucar.com/produto/445611/file-de-peito-de-frango-swift-do-campo-1kg,copiado_dia_anterior,Carnes,99,,1,"Carnes, Processados e Preparados"
56599,2026-09-05,00:00:00,Pão de Açúcar,Seara,Peito de Frango 1kg Seara,1kg,São Paulo,SP,Sudeste,17.5,,0,1,https://www.paodeacucar.com/produto/217037/coxa-de-frango-congelada-seara-1kg,copiado_dia_anterior,Carnes,99,,1,"Carnes, Processados e Preparados"
56600,2026-09-05,00:00:00,Pão de Açúcar,Swift,Coxa de Frango 1kg Swift,1kg,São Paulo,SP,Sudeste,13.9,,0,1,https://www.paodeacucar.com/produto/445594/coxa-de-frango-swift-1kg,copiado_dia_anterior,Carnes,99,,1,"Carnes, Processados e Preparados"
56601,2026-09-05,00:00:00,Pão de Açúcar,Swift,Asa de Frango 1kg Swift,1kg,São Paulo,SP,Sudeste,15.9,,0,1,https://www.paodeacucar.com/produto/452777/asa-de-frango-swift-bandeja-1kg,copiado_dia_anterior,Carnes,99,,1,"Carnes, Processados e Preparados"
56602,2026-09-05,00:00:00,Pão de Açúcar,Bassi,Fraldinha 1kg Bassi,1kg,São Paulo,SP,Sudeste,79.11,,0,1,"https://www.paodeacucar.com/produto/114843/fraldinha-extra-limpa-bovina-bassi-1,2kg",copiado_dia_anterior,Carnes,99,,1,"Carnes, Processados e Preparados"
56603,2026-09-05,00:00:00,Pão de Açúcar,Bassi,Picanha 1kg Bassi,1kg,São Paulo,SP,Sudeste,166.3,,0,1,"https://www.paodeacucar.com/produto/115631/picanha-bovina-extra-limpa-pedaco-bassi-a vacuo-1,4kg",copiado_dia_anterior,Carnes,99,,1,"Carnes, Processados e Preparados"
56604,2026-09-05,00:00:00,Pão de Açúcar,Friboi,Picanha 1kg Friboi,1kg,São Paulo,SP,Sudeste,179.85,,0,1,"https://www.paodeacucar.com/produto/164337/picanha-resfriada-maturatta-friboi-1,7kg",copiado_dia_anterior,Carnes,99,,1,"Carnes, Processados e Preparados"
56605,2026-09-05,00:00:00,Pão de Açúcar,Swift,Carne Moida 1kg Swift,1kg,São Paulo,SP,Sudeste,43.9,,0,1,https://www.paodeacucar.com/produto/1616628/carne-moida-swift-1kg,copiado_dia_anterior,Carnes,99,,1,"Carnes, Processados e Preparados"
56606,2026-09-05,00:00:00,Extra,Sadia,Salsicha Hot Dog 500g Sadia,500g,São Paulo,SP,Sudeste,13.5,,0,1,https://www.extramercado.com.br/produto/114859/salsicha-hot-dog-sadia-500g-10-unidades,copiado_dia_anterior,Carnes,99,,1,"Carnes, Processados e Preparados"
56607,2026-09-05,00:00:00,Extra,Perdigão,Salsicha Hot Dog 500g Perdigão,500g,São Paulo,SP,Sudeste,11.99,,0,1,https://www.extramercado.com.br/produto/113887/salsicha-hot-dog-perdigao-500g-12-unidades,copiado_dia_anterior,Carnes,99,,1,"Carnes, Processados e Preparados"
56608,2026-09-05,00:00:00,Extra,Seara,Salsicha Hot Dog 500g Seara,500g,São Paulo,SP,Sudeste,14.5,,0,1,https://www.extramercado.com.br/produto/21730/salsicha-hot-dog-seara-500g,copiado_dia_anterior,Carnes,99,,1,"Carnes, Processados e Preparados"
56609,2026-09-05,00:00:00,Extra,Sadia,Linguiça Toscana 700g Sadia,700g,São Paulo,SP,Sudeste,24.9,,0,1,https://www.extramercado.com.br/produto/1649350/linguica-toscana-sadia-700g,copiado_dia_anterior,Carnes,99,,1,"Carnes, Processados e Preparados"
56610,2026-09-05,00:00:00,Extra,Perdigão,Linguiça Toscana 700g Perdigão,700g,São Paulo,SP,Sudeste,30.5,,0,1,https://www.extramercado.com.br/produto/1667071/linguica-toscana-perdigao-na-brasa-700g,copiado_dia_anterior,Carnes,99,,1,"Carnes, Processados e Preparados"
56611,2026-09-05,00:00:00,Extra,Swift,Linguiça Toscana 700g Swift,700g,São Paulo,SP,Sudeste,18.9,,0,1,https://www.extramercado.com.br/produto/422282/linguica-toscana-swift-700g,copiado_dia_anterior,Carnes,99,,1,"Carnes, Processados e Preparados"
56612,2026-09-05,00:00:00,Extra,Sadia,Nuggets de Frango 300g Sadia,300g,São Paulo,SP,Sudeste,8.99,,0,1,https://www.extramercado.com.br/produto/142969/empanado-de-frango-peito-crocante-sadia-nuggets-pacote-300g,copiado_dia_anterior,Carnes,99,,1,"Carnes, Processados e Preparados"
56613,2026-09-05,00:00:00,Extra,Sadia,Lasanha Bolonhesa 600g Sadia,600g,São Paulo,SP,Sudeste,18.9,,0,1,https://www.extramercado.com.br/produto/374206/lasanha-bolonhesa-sadia-pacote-600g,copiado_dia_anterior,Carnes,99,,1,"Carnes, Processados e Preparados"
56614,2026-09-05,00:00:00,Extra,Perdigão,Lasanha Bolonhesa 600g Perdigão,600g,São Paulo,SP,Sudeste,15.99,,0,1,https://www.extramercado.com.br/produto/392502/lasanha-bolonhesa-perdigao-nosso-menu-pacote-600g,copiado_dia_anterior,Carnes,99,,1,"Carnes, Processados e Preparados"
56615,2026-09-05,00:00:00,Extra,Seara,Lasanha Bolonhesa 600g Seara,600g,São Paulo,SP,Sudeste,18.9,,0,1,https://www.extramercado.com.br/produto/113511/lasanha-bolonhesa-seara-600g,copiado_dia_anterior,Carnes,99,,1,"Carnes, Processados e Preparados"
56616,2026-09-05,00:00:00,Extra,Sadia,Peito de Frango 1kg Sadia,1kg,São Paulo,SP,Sudeste,17.9,,0,1,https://www.extramercado.com.br/produto/65885/file-de-peito-de-frango-congelado-sem-pele-sem-osso-sadia-1kg,copiado_dia_anterior,Carnes,99,,1,"Carnes, Processados e Preparados"
56617,2026-09-05,00:00:00,Extra,Swift,Peito de Frango 1kg Swift,1kg,São Paulo,SP,Sudeste,26.9,,0,1,https://www.extramercado.com.br/produto/422487/file-de-peito-de-frango-swift-do-campo-1kg,copiado_dia_anterior,Carnes,99,,1,"Carnes, Processados e Preparados"
56618,2026-09-05,00:00:00,Extra,Sadia,Coxa de Frango 1kg Sadia,1kg,São Paulo,SP,Sudeste,18.9,,0,1,https://www.extramercado.com.br/produto/66810/coxa-de-frango-congelada-sadia-1kg,copiado_dia_anterior,Carnes,99,,1,"Carnes, Processados e Preparados"
56619,2026-09-05,00:00:00,Extra,Swift,Coxa de Frango 1kg Swift,1kg,São Paulo,SP,Sudeste,13.9,,0,1,https://www.extramercado.com.br/produto/422468/coxa-de-frango-swift-1kg,copiado_dia_anterior,Carnes,99,,1,"Carnes, Processados e Preparados"
56620,2026-09-05,00:00:00,Extra,Seara,Coxa de Frango 1kg Seara,1kg,São Paulo,SP,Sudeste,16.5,,0,1,https://www.extramercado.com.br/produto/217037/coxa-de-frango-congelada-seara-1kg,copiado_dia_anterior,Carnes,99,,1,"Carnes, Processados e Preparados"
56621,2026-09-05,00:00:00,Extra,Swift,Asa de Frango 1kg Swift,1kg,São Paulo,SP,Sudeste,15.9,,0,1,https://www.extramercado.com.br/produto/463439/asa-de-frango-swift-bandeja-1kg,copiado_dia_anterior,Carnes,99,,1,"Carnes, Processados e Preparados"
56622,2026-09-05,00:00:00,Extra,Bassi,Fraldinha 1kg Bassi,1kg,São Paulo,SP,Sudeste,109.99,,0,1,"https://www.extramercado.com.br/produto/114843/fraldinha-extra-limpa-bovina-bassi-1,2kg",copiado_dia_anterior,Carnes,99,,1,"Carnes, Processados e Preparados"
56623,2026-09-05,00:00:00,Extra,Bassi,Picanha 1kg Bassi,1kg,São Paulo,SP,Sudeste,207.87,,0,1,"https://www.extramercado.com.br/produto/115631/picanha-bovina-extra-limpa-pedaco-bassi-a%C2%A0vacuo-1,4kg",copiado_dia_anterior,Carnes,99,,1,"Carnes, Processados e Preparados"
56624,2026-09-05,00:00:00,Extra,Swift,Carne Moida 1kg Swift,1kg,São Paulo,SP,Sudeste,43.9,,0,1,https://www.extramercado.com.br/produto/1651983/carne-moida-swift-1kg,copiado_dia_anterior,Carnes,99,,1,"Carnes, Processados e Preparados"
56625,2026-09-05,00:00:00,Atacadão,Sadia,Salsicha Hot Dog 500g Sadia,500g,São Paulo,SP,Sudeste,13.5,,0,1,https://www.atacadao.com.br/salsicha-hot-dog-sadia-resfriada-49270-17530/p,copiado_dia_anterior,Carnes,99,,1,"Carnes, Processados e Preparados"
56626,2026-09-05,00:00:00,Atacadão,Perdigão,Salsicha Hot Dog 500g Perdigão,500g,São Paulo,SP,Sudeste,6.97,,0,1,https://www.atacadao.com.br/salsicha-hot-dog-perdigao-resfriada-5970-17504/p,copiado_dia_anterior,Carnes,99,,1,"Carnes, Processados e Preparados"
56627,2026-09-05,00:00:00,Atacadão,Seara,Salsicha Hot Dog 500g Seara,500g,São Paulo,SP,Sudeste,5.57,,0,1,https://www.atacadao.com.br/salsicha-hot-dog-seara-resfriada-62542-17547/p,copiado_dia_anterior,Carnes,99,,1,"Carnes, Processados e Preparados"
56628,2026-09-05,00:00:00,Atacadão,Sadia,Linguiça Toscana 700g Sadia,700g,São Paulo,SP,Sudeste,20.5,,0,1,https://www.atacadao.com.br/linguica-toscana-sadia-congelada-86374-36784/p,copiado_dia_anterior,Carnes,99,,1,"Carnes, Processados e Preparados"
56629,2026-09-05,00:00:00,Atacadão,Perdigão,Linguiça Toscana 700g Perdigão,700g,São Paulo,SP,Sudeste,11.97,,0,1,https://www.atacadao.com.br/linguica-toscana-perdigao-nabrasa-9975-59299/p,copiado_dia_anterior,Carnes,99,,1,"Carnes, Processados e Preparados"
56630,2026-09-05,00:00:00,Atacadão,Sadia,Nuggets de Frango 300g Sadia,300g,São Paulo,SP,Sudeste,9.98,,0,1,https://www.atacadao.com.br/nuggets-de-frango-sadia-crocante-19582-15758/p,copiado_dia_anterior,Carnes,99,,1,"Carnes, Processados e Preparados"
56631,2026-09-05,00:00:00,Atacadão,Sadia,Lasanha Bolonhesa 600g Sadia,600g,São Paulo,SP,Sudeste,17.9,,0,1,https://www.atacadao.com.br/lasanha-sadia-congelada-bolonhesa-54196-29612/p,copiado_dia_anterior,Carnes,99,,1,"Carnes, Processados e Preparados"
56632,2026-09-05,00:00:00,Atacadão,Perdigão,Lasanha Bolonhesa 600g Perdigão,600g,São Paulo,SP,Sudeste,16.9,,0,1,https://www.atacadao.com.br/lasanha-perdigao-congelada-bolonhesa-58251-29563/p,copiado_dia_anterior,Carnes,99,,1,"Carnes, Processados e Preparados"
56633,2026-09-05,00:00:00,Atacadão,Seara,Lasanha Bolonhesa 600g Seara,600g,São Paulo,SP,Sudeste,14.9,,0,1,https://www.atacadao.com.br/lasanha-seara-congelada-bolonhesa-32549-29633/p,copiado_dia_anterior,Carnes,99,,1,"Carnes, Processados e Preparados"
56634,2026-09-05,00:00:00,Atacadão,Seara,Peito de Frango 1kg Seara,1kg,São Paulo,SP,Sudeste,19.95,,0,1,https://www.atacadao.com.br/file-de-peito-de-frango-seara-congelado-37849-12021/p,copiado_dia_anterior,Carnes,99,,1,"Carnes, Processados e Preparados"
56635,2026-09-05,00:00:00,Atacadão,Sadia,Coxa de Frango 1kg Sadia,1kg,São Paulo,SP,Sudeste,15.9,,0,1,https://www.atacadao.com.br/coxas-de-frango-sadia-congelado-assa-facil-47388-26263/p,copiado_dia_anterior,Carnes,99,,1,"Carnes, Processados e Preparados"
56636,2026-09-05,00:00:00,Atacadão,Sadia,Asa de Frango 1kg Sadia,1kg,São Paulo,SP,Sudeste,17.9,,0,1,https://www.atacadao.com.br/asa-de-frango-sadia-congelada-15062-15376/p,copiado_dia_anterior,Carnes,99,,1,"Carnes, Processados e Preparados"
56637,2026-09-05,00:00:00,Pão de Açúcar,Tio João,Arroz Branco 5kg Tio João,5kg,São Paulo,SP,Sudeste,26.99,,0,1,https://www.paodeacucar.com/produto/138068/arroz-agulhinha-tipo-1-tio-joao-pacote-5kg,copiado_dia_anterior,Mercearia,99,,1,Mercearias Secas
56638,2026-09-05,00:00:00,Pão de Açúcar,Camil,Arroz Branco 5kg Camil,5kg,São Paulo,SP,Sudeste,23.99,,0,1,https://www.paodeacucar.com/produto/41329/arroz-agulhinha-tipo-1-camil-pacote-5kg,copiado_dia_anterior,Mercearia,99,,1,Mercearias Secas
56639,2026-09-05,00:00:00,Pão de Açúcar,Camil,Feijão Carioca 1kg Camil,1kg,São Paulo,SP,Sudeste,9.79,,0,1,https://www.paodeacucar.com/produto/9461/feijao-carioca-tipo-1-camil-pacote-1kg,copiado_dia_anterior,Mercearia,99,,1,Mercearias Secas
56640,2026-09-05,00:00:00,Pão de Açúcar,Kicaldo,Feijão Carioca 1kg Kicaldo,1kg,São Paulo,SP,Sudeste,10.49,,0,1,https://www.paodeacucar.com/produto/109209/feijao-carioca-tipo-1-kicaldo-pacote-1kg,copiado_dia_anterior,Mercearia,99,,1,Mercearias Secas
56641,2026-09-05,00:00:00,Pão de Açúcar,União,Açúcar Refinado 1kg União,1kg,São Paulo,SP,Sudeste,3.99,,0,1,https://www.paodeacucar.com/produto/74215/acucar-refinado-uniao-pacote-1kg,copiado_dia_anterior,Mercearia,99,,1,Mercearias Secas
56642,2026-09-05,00:00:00,Pão de Açúcar,Caravelas,Açúcar Refinado 1kg Caravelas,1kg,São Paulo,SP,Sudeste,3.49,,0,1,https://www.paodeacucar.com/produto/61474/acucar-refinado-caravelas-pacote-1kg,copiado_dia_anterior,Mercearia,99,,1,Mercearias Secas
56643,2026-09-05,00:00:00,Pão de Açúcar,Da Barra,Açúcar Refinado 1kg Da Barra,1kg,São Paulo,SP,Sudeste,3.89,,0,1,https://www.paodeacucar.com/produto/10669/acucar-refinado-da-barra-pacote-1kg,copiado_dia_anterior,Mercearia,99,,1,Mercearias Secas
56644,2026-09-05,00:00:00,Pão de Açúcar,Pilão,Café Torrado e Moído 500g Pilão,500g,São Paulo,SP,Sudeste,26.99,,0,1,https://www.paodeacucar.com/produto/152052/cafe-torrado-e-moido-tradicional-pilao-pacote-500g,copiado_dia_anterior,Mercearia,99,,1,Mercearias Secas
56645,2026-09-05,00:00:00,Pão de Açúcar,Café Brasileiro,Café Torrado e Moído 500g Café Brasileiro,500g,São Paulo,SP,Sudeste,28.99,,0,1,https://www.paodeacucar.com/produto/62071/cafe-torrado-e-moido-tradicional-cafe-brasileiro-pacote-500g,copiado_dia_anterior,Mercearia,99,,1,Mercearias Secas
56646,2026-09-05,00:00:00,Pão de Açúcar,União,Café Torrado e Moído 500g União,500g,São Paulo,SP,Sudeste,28.99,,0,1,https://www.paodeacucar.com/produto/1376191/cafe-torrado-e-moido-tradicional-uniao-pacote-500g,copiado_dia_anterior,Mercearia,99,,1,Mercearias Secas
56647,2026-09-05,00:00:00,Extra,Tio João,Arroz Branco 5kg Tio João,5kg,São Paulo,SP,Sudeste,27.99,,0,1,https://www.extramercado.com.br/produto/138068/arroz-agulhinha-tipo-1-tio-joao-pacote-5kg,copiado_dia_anterior,Mercearia,99,,1,Mercearias Secas
56648,2026-09-05,00:00:00,Extra,Camil,Arroz Branco 5kg Camil,5kg,São Paulo,SP,Sudeste,19.89,,0,1,https://www.extramercado.com.br/produto/41329/arroz-agulhinha-tipo-1-camil-pacote-5kg,copiado_dia_anterior,Mercearia,99,,1,Mercearias Secas
56649,2026-09-05,00:00:00,Extra,Camil,Feijão Carioca 1kg Camil,1kg,São Paulo,SP,Sudeste,9.99,,0,1,https://www.extramercado.com.br/produto/9461/feijao-carioca-tipo-1-camil-pacote-1kg,copiado_dia_anterior,Mercearia,99,,1,Mercearias Secas
56650,2026-09-05,00:00:00,Extra,Kicaldo,Feijão Carioca 1kg Kicaldo,1kg,São Paulo,SP,Sudeste,9.99,,0,1,https://www.extramercado.com.br/produto/109209/feijao-carioca-tipo-1-kicaldo-pacote-1kg,copiado_dia_anterior,Mercearia,99,,1,Mercearias Secas
56651,2026-09-05,00:00:00,Extra,União,Açúcar Refinado 1kg União,1kg,São Paulo,SP,Sudeste,3.89,,0,1,https://www.extramercado.com.br/produto/74215/acucar-refinado-uniao-pacote-1kg,copiado_dia_anterior,Mercearia,99,,1,Mercearias Secas
56652,2026-09-05,00:00:00,Extra,Caravelas,Açúcar Refinado 1kg Caravelas,1kg,São Paulo,SP,Sudeste,3.39,,0,1,https://www.extramercado.com.br/produto/61474/acucar-refinado-caravelas-pacote-1kg,copiado_dia_anterior,Mercearia,99,,1,Mercearias Secas
56653,2026-09-05,00:00:00,Extra,Pilão,Café Torrado e Moído 500g Pilão,500g,São Paulo,SP,Sudeste,24.99,,0,1,https://www.extramercado.com.br/produto/152052/cafe-torrado-e-moido-tradicional-pilao-pacote-500g,copiado_dia_anterior,Mercearia,99,,1,Mercearias Secas
56654,2026-09-05,00:00:00,Extra,Café Brasileiro,Café Torrado e Moído 500g Café Brasileiro,500g,São Paulo,SP,Sudeste,27.99,,0,1,https://www.extramercado.com.br/produto/62071/cafe-torrado-e-moido-tradicional-cafe-brasileiro-pacote-500g,copiado_dia_anterior,Mercearia,99,,1,Mercearias Secas
56655,2026-09-05,00:00:00,Extra,União,Café Torrado e Moído 500g União,500g,São Paulo,SP,Sudeste,27.99,,0,1,https://www.extramercado.com.br/produto/1442268/cafe-torrado-e-moido-tradicional-uniao-pacote-500g,copiado_dia_anterior,Mercearia,99,,1,Mercearias Secas
56656,2026-09-05,00:00:00,Atacadão,Camil,Feijão Carioca 1kg Camil,1kg,São Paulo,SP,Sudeste,7.29,,0,1,https://www.atacadao.com.br/feijao-carioca-camil-tipo-1-7382-9742/p,copiado_dia_anterior,Mercearia,99,,1,Mercearias Secas
56657,2026-09-05,00:00:00,Atacadão,Kicaldo,Feijão Carioca 1kg Kicaldo,1kg,São Paulo,SP,Sudeste,7.29,,0,1,https://www.atacadao.com.br/feijao-carioca-kicaldo-tipo-1-pacote-com-1kg-11874-9925/p,copiado_dia_anterior,Mercearia,99,,1,Mercearias Secas
56658,2026-09-05,00:00:00,Atacadão,União,Açúcar Refinado 1kg União,1kg,São Paulo,SP,Sudeste,3.49,,0,1,https://www.atacadao.com.br/acucar-uniao-refinado-21176-2371/p,copiado_dia_anterior,Mercearia,99,,1,Mercearias Secas
56659,2026-09-05,00:00:00,Atacadão,Caravelas,Açúcar Refinado 1kg Caravelas,1kg,São Paulo,SP,Sudeste,2.99,,0,1,https://www.atacadao.com.br/acucar-caravelas-refinado-25668-1517/p,copiado_dia_anterior,Mercearia,99,,1,Mercearias Secas
56660,2026-09-05,00:00:00,Atacadão,Pilão,Café Torrado e Moído 500g Pilão,500g,São Paulo,SP,Sudeste,23.9,,0,1,https://www.atacadao.com.br/cafe-pilao-almofada-4959-3014/p,copiado_dia_anterior,Mercearia,99,,1,Mercearias Secas
56661,2026-09-05,00:00:00,Atacadão,3 Corações,Café Torrado e Moído 500g 3 Corações,500g,São Paulo,SP,Sudeste,23.9,,0,1,https://www.atacadao.com.br/cafe-3-coracoes-tradicional-23371-915/p,copiado_dia_anterior,Mercearia,99,,1,Mercearias Secas
56662,2026-09-05,00:00:00,Atacadão,União,Café Torrado e Moído 500g União,500g,São Paulo,SP,Sudeste,19.9,,0,1,https://www.atacadao.com.br/cafe-uniao-tradicional-76123-3853/p,copiado_dia_anterior,Mercearia,99,,1,Mercearias Secas
56663,2026-09-05,00:00:00,Pão de Açúcar,Dona Benta,Farinha de Trigo 1kg Dona Benta,1kg,São Paulo,SP,Sudeste,6.49,,0,1,https://www.paodeacucar.com/produto/43619/farinha-de-trigo-tradicional-dona-benta-pacote-1kg,copiado_dia_anterior,Mercearia,99,,1,Mercearias Secas
56664,2026-09-05,00:00:00,Atacadão,Venturelli,Farinha de Trigo 1kg Venturelli,1kg,São Paulo,SP,Sudeste,4.79,,0,1,https://www.atacadao.com.br/farinha-de-trigo-venturelli-tipo-1-pacote-com-1kg-66335-9230/p,copiado_dia_anterior,Mercearia,99,,1,Mercearias Secas
56665,2026-09-05,00:00:00,Pão de Açúcar,Mabel,Cream Cracker 300g Mabel,300g,São Paulo,SP,Sudeste,6.29,,0,1,https://www.paodeacucar.com/produto/1616942/biscoito-cream-cracker-mabel-300g,copiado_dia_anterior,Biscoitos,99,,1,Mercearias Secas
56666,2026-09-05,00:00:00,Pão de Açúcar,Marilan,Cream Cracker 140g Marilan,140g,São Paulo,SP,Sudeste,4.29,,0,1,https://www.paodeacucar.com/produto/1448576/biscoito-cream-cracker-marilan-pacote-170g,copiado_dia_anterior,Biscoitos,99,,1,Mercearias Secas
56667,2026-09-05,00:00:00,Extra,Bauducco,Cream Cracker 165g Bauducco,165g,São Paulo,SP,Sudeste,3.69,,0,1,https://www.extramercado.com.br/produto/1660610/biscoito-cream-cracker-tradicional-bauducco-pacote-165g,copiado_dia_anterior,Biscoitos,99,,1,Mercearias Secas
56668,2026-09-05,00:00:00,Atacadão,Mabel,Água e Sal 300g Mabel,300g,São Paulo,SP,Sudeste,4.75,,0,1,https://www.atacadao.com.br/biscoito-mabel-agua-e-sal-90091-40582/p,copiado_dia_anterior,Biscoitos,99,,1,Mercearias Secas
56669,2026-09-05,00:00:00,Atacadão,Mabel,Cream Cracker 300g Mabel,300g,São Paulo,SP,Sudeste,4.75,,0,1,https://www.atacadao.com.br/biscoito-mabel-cream-cracker-90090-40581/p,copiado_dia_anterior,Biscoitos,99,,1,Mercearias Secas
